Top pages,Clicks,Impressions,CTR,Position
https://careerreturns.com/post-mba-salary,2,570,0.35%,29.94
https://careerreturns.com/mba-roi-goldman-sachs,2,99,2.02%,8.18
https://careerreturns.com/mba-investment-banking-salary,1,13,7.69%,14.23
https://careerreturns.com/mba-salary-by-school,0,355,0%,14.94
https://careerreturns.com/,0,148,0%,18.11
https://careerreturns.com/average-mba-salary-after-5-years,0,144,0%,41.72
https://careerreturns.com/mba-salary-increase,0,116,0%,39.52
https://careerreturns.com/mba-roi-insead-vs-wharton,0,93,0%,9.51
https://careerreturns.com/mba-roi-military,0,90,0%,24.24
https://careerreturns.com/mba-worth-it,0,81,0%,49.21
https://careerreturns.com/mba-roi-mckinsey,0,58,0%,12.9
https://careerreturns.com/mba-roi-calculator,0,55,0%,39.33
https://careerreturns.com/mba-break-even,0,26,0%,13.85
https://careerreturns.com/lifetime-earnings-calculator,0,17,0%,28.59
https://careerreturns.com/mba-roi-engineers,0,13,0%,6.08
https://careerreturns.com/mba-roi-recession,0,12,0%,16.42
https://careerreturns.com/education-comparison-calculator,0,12,0%,48.58
https://careerreturns.com/mba-roi-europe,0,9,0%,7.11
https://careerreturns.com/mba-roi-healthcare,0,9,0%,11.22
https://careerreturns.com/mba-roi-big4-vs-mbb,0,8,0%,18
https://careerreturns.com/mba-roi-scholarship,0,7,0%,13.43
https://careerreturns.com/yellow-ribbon-mba-programs,0,7,0%,21.43
https://careerreturns.com/returnship-roi-calculator,0,6,0%,10.17
https://careerreturns.com/skills-gap-calculator,0,5,0%,7.8
https://careerreturns.com/salary-benchmark-calculator,0,5,0%,14.6
https://careerreturns.com/terms,0,4,0%,4.25
https://careerreturns.com/career-compounder,0,4,0%,6.75
https://careerreturns.com/marketing-mba-salary,0,4,0%,13.25
https://careerreturns.com/mba-roi-marketing,0,4,0%,31
https://careerreturns.com/reskilling-roi-calculator,0,4,0%,66.5
https://careerreturns.com/about,0,3,0%,3
https://careerreturns.com/employer-scorecard,0,3,0%,4
https://careerreturns.com/mba-roi-100k-debt,0,3,0%,5
https://careerreturns.com/skills-portfolio,0,3,0%,6
https://careerreturns.com/rto-cost-calculator,0,3,0%,40
https://careerreturns.com/m7-mba-consulting-salary,0,2,0%,5.5
https://careerreturns.com/average-mba-salary,0,2,0%,8
https://careerreturns.com/am-i-underpaid,0,2,0%,76.5
https://careerreturns.com/ai-career-impact,0,1,0%,8
https://careerreturns.com/mba-roi-investment-banking,0,1,0%,8
https://careerreturns.com/career-roi-score,0,1,0%,9
https://careerreturns.com/geographic-arbitrage-calculator,0,1,0%,73